Country,1970.00,1971.00,1972.00,1973.00,1974.00,1975.00,1976.00,1977.00,1978.00,1979.00,1980.00,1981.00,1982.00,1983.00,1984.00,1985.00,1986.00,1987.00,1988.00,1989.00,1990.00,1991.00,1992.00,1993.00,1994.00,1995.00,1996.00,1997.00,1998.00,1999.00,2000.00,2001.00,2002.00,2003.00,2004.00,2005.00,2006.00,2007.00,2008.00,2009.00,2010.00,2011.00,2012.00
Afghanistan,158.76,161.71,137.02,144.85,175.63,188.55,199.55,226.58,250.01,278.94,276.30,268.35,272.18,277.69,283.48,288.13,294.84,261.00,241.92,298.00,308.72,264.83,251.57,175.57,128.27,184.03,169.66,158.57,149.36,136.09,171.49,169.60,193.00,213.51,232.61,266.36,293.17,393.94,398.36,453.75,566.17,664.41,682.78
Albania,1097.35,1100.22,1103.30,1106.70,1110.20,1114.37,1119.15,1123.13,1129.11,920.31,811.40,819.93,824.95,815.07,785.56,782.39,785.34,757.76,764.00,894.87,644.57,478.73,456.52,515.76,575.80,738.26,992.17,697.78,816.91,1032.24,1101.25,1237.25,1361.39,1758.27,2271.96,2552.63,2828.26,3379.74,4113.30,3835.97,3733.68,4029.58,3809.03
Algeria,351.70,356.05,463.69,580.49,811.60,926.17,1027.65,1181.36,1442.04,1762.09,2174.44,2206.76,2176.42,2275.28,2390.34,2538.44,2679.13,2661.59,2360.49,2168.76,2358.67,1735.36,1787.41,1809.88,1475.56,1434.95,1572.85,1587.62,1563.50,1555.19,1727.34,1716.35,1742.56,2056.27,2550.18,3038.74,3396.65,3851.45,4801.02,3785.95,4365.11,5257.50,5379.73
Andorra,4095.53,4424.15,5334.15,6757.96,7994.75,9066.57,9045.29,9803.65,11544.57,14949.45,15655.29,13118.89,12156.26,10147.90,9776.02,9833.83,13106.04,15955.48,18093.18,19183.06,23875.23,24702.55,25981.17,20880.37,20523.82,23348.16,24086.58,23299.69,24026.64,24470.17,21924.34,21975.06,23951.74,31238.27,36537.63,39274.70,42805.84,49412.76,50883.99,47041.65,43722.14,45023.09,41122.15
Angola,483.23,498.43,502.36,599.97,656.44,471.68,439.86,468.65,507.11,546.60,705.74,638.39,615.93,619.21,634.34,757.47,691.26,775.99,817.50,927.36,996.42,1142.20,1270.08,890.46,887.43,412.57,524.08,597.93,490.58,450.63,636.16,658.42,767.92,905.01,1237.75,1983.19,2440.63,3412.72,4596.27,3988.68,4220.80,5159.24,5586.21
Anguilla,611.01,712.64,834.30,937.09,1025.41,1114.13,1061.91,1181.55,1359.06,1567.52,1813.61,2107.24,2455.72,2855.69,3307.99,4048.59,5104.89,6088.51,7240.75,8569.74,9090.22,8984.84,9424.52,9960.09,10794.76,10599.64,10908.03,11928.79,13174.37,13670.95,13573.20,13594.69,13468.51,14193.33,16243.34,18124.57,21756.79,27027.74,26511.46,20680.87,19485.51,20981.85,20047.94
Antigua and Barbuda,568.77,681.12,921.44,1265.66,1335.73,1354.11,1117.04,1263.60,1424.78,1753.44,2099.65,2394.04,2683.38,3025.22,3479.72,4087.59,4935.60,5067.36,6125.95,7009.01,7237.42,7745.53,7908.97,8289.49,8875.03,8523.70,9088.92,9473.86,9861.11,10116.91,10094.76,9797.97,10027.86,10382.63,10993.37,12079.87,13599.91,15276.07,15786.36,13979.26,13017.31,12757.36,13207.16
Argentina,1307.87,1539.35,1398.70,1505.38,1701.77,1821.73,1895.50,2112.59,2155.54,2462.41,2685.44,2736.19,2768.56,2951.00,3076.08,2905.39,3437.81,3481.44,4001.19,2382.00,4332.68,5735.69,6824.97,6971.17,7491.29,7409.50,7720.09,8209.55,8283.12,7768.54,7705.21,7212.42,2711.89,3413.07,3997.24,4740.14,5495.59,6672.82,8278.75,7713.94,9170.79,11003.66,11610.22
Armenia,,,,,,,,,,,,,,,,,,,,,608.80,561.96,341.14,325.44,358.43,399.18,503.23,522.26,607.84,596.50,621.42,692.30,779.89,924.59,1182.10,1625.41,2126.09,3079.15,3916.74,2913.57,3124.78,3421.63,3351.27
Aruba,2990.43,3130.08,3274.30,3426.52,3592.13,3775.51,3981.10,4208.82,4452.36,4699.72,4940.53,5163.43,5369.80,5577.85,5816.57,6107.49,6472.50,7885.54,9765.11,11392.46,12307.51,13495.79,14046.50,14938.06,17342.47,16441.38,16586.19,17927.41,19081.57,19356.42,20619.57,20671.58,20433.65,20834.98,22566.63,23302.83,24015.42,25921.28,27549.35,24639.94,23529.53,25022.46,24852.16
Australia,3499.01,3831.10,4438.48,6323.31,7439.54,7843.79,8352.18,8184.03,9446.75,10343.29,11793.46,13556.43,12710.87,12571.07,13289.26,11505.80,11893.82,13929.09,17338.70,18991.62,18974.66,19039.00,18622.92,17935.49,20253.19,21664.67,23767.32,23562.48,20774.46,22448.34,21279.78,20037.11,22072.87,27941.07,33499.37,37027.08,39095.79,46289.18,48606.94,45736.31,57478.76,66873.06,67869.26
Austria,2031.53,2348.75,2888.29,3849.47,4577.02,5203.81,5582.32,6709.45,8096.08,9670.18,10749.25,9311.51,9341.42,9444.16,8892.51,9065.01,12923.96,16185.65,17348.63,17263.29,21480.76,22261.76,24761.15,23933.60,25377.79,29876.85,29302.04,25931.98,26635.42,26510.96,23948.17,23812.46,25649.01,31187.17,35569.97,37018.84,39258.07,45123.47,49648.15,45836.93,44951.59,49328.78,46604.44
Azerbaijan,,,,,,,,,,,,,,,,,,,,,902.36,913.12,712.04,550.98,445.59,396.15,404.54,500.18,556.88,569.24,649.52,696.44,753.17,869.33,1025.43,1546.75,2421.46,3768.41,5502.72,4928.90,5817.22,7166.88,7382.88
Bahamas,3355.87,3480.11,3506.12,3900.85,4086.94,4722.88,5036.01,5893.82,6627.66,7665.96,7503.53,8416.52,8290.61,7959.18,8444.95,9613.73,10585.54,11549.26,12666.25,14212.97,14435.55,13927.98,13657.74,13330.84,13809.92,14313.76,16040.21,17134.56,19006.02,20515.17,21250.65,21506.76,22514.99,22017.70,22005.05,23416.90,23733.81,24321.07,23674.13,21769.34,21557.01,21258.13,21623.92
Bahrain,1980.58,2060.85,2507.38,3420.30,4455.16,4442.24,6006.34,7071.05,7569.88,8518.15,10460.78,11360.14,11577.09,11546.81,11754.33,10670.97,8629.87,8465.25,8971.10,9308.96,9900.00,10199.87,10393.09,11101.80,11674.05,12038.60,12173.37,12249.84,11328.20,11830.64,13562.45,12846.19,13096.29,14344.63,16027.00,18155.97,19459.54,21049.01,23037.63,19250.92,20545.75,22466.64,23039.44
Bangladesh,105.37,93.01,101.39,108.95,128.17,131.99,144.08,147.87,184.33,207.41,228.68,225.75,200.04,198.81,226.94,229.27,235.44,260.45,274.00,290.11,295.48,308.43,307.84,310.99,323.56,356.24,366.66,371.59,377.53,388.37,387.34,380.29,388.47,418.81,446.75,454.04,469.47,528.22,606.41,671.72,743.83,793.40,822.23
Barbados,897.91,1004.03,1141.44,1383.48,1644.23,1923.20,2079.95,2360.19,2636.81,3190.59,4083.38,4477.78,4658.34,4922.03,5339.19,5562.00,6080.72,6668.50,7065.59,7784.54,7787.39,7702.32,7426.34,7816.17,8200.51,8597.08,9155.73,9647.93,10829.03,11320.52,11596.06,11540.24,11557.04,11979.22,12837.93,14285.66,15264.64,16227.19,15645.42,15758.26,15139.66,15304.25,16004.30
Belarus,,,,,,,,,,,,,,,,,,,,,1834.83,1871.53,1732.16,1639.34,1481.95,1358.72,1427.74,1392.98,1510.02,1209.64,1043.71,1245.42,1481.29,1821.88,2380.82,3125.81,3842.04,4723.42,6357.62,5165.84,5818.20,6320.86,6726.05
Belgium,2729.82,3039.22,3783.24,4844.93,5676.21,6641.10,7177.31,8344.12,10179.16,11674.03,12712.24,10486.44,9214.46,8717.96,8329.06,8613.31,11970.97,14882.41,16142.98,16300.05,20327.26,20771.54,23078.14,21997.46,23881.79,27999.00,27073.46,24472.28,25002.05,24847.19,22659.13,22569.55,24451.81,30012.42,34640.74,35910.50,37776.34,43043.33,47099.18,43576.91,43101.55,46728.47,43706.89
Belize,206.35,256.07,326.71,522.51,686.39,783.59,609.07,772.31,869.60,999.24,1350.67,1307.21,1183.18,1212.94,1315.31,1268.52,1344.17,1586.80,1760.14,1980.44,2161.80,2260.83,2401.31,2673.52,2729.21,2834.26,3019.66,2995.19,3060.65,3158.59,3487.52,3555.74,3704.04,3833.52,3991.27,4097.61,4363.92,4509.40,4665.75,4446.66,4529.90,4720.76,4795.49
Benin,102.53,106.46,128.20,153.47,161.01,191.20,198.61,211.96,250.62,297.20,369.60,340.11,322.51,270.79,252.46,243.90,302.56,343.67,345.70,310.60,368.89,366.27,392.84,383.36,259.83,362.48,382.29,356.58,375.02,369.24,339.47,348.33,378.66,464.05,511.29,532.61,557.23,633.00,739.26,712.55,689.58,746.19,751.91
Bermuda,5129.55,5752.82,6350.56,7200.18,8276.43,9059.20,10068.56,10855.59,11668.85,13484.40,16095.61,17498.52,19405.45,21483.20,22475.49,24704.76,27246.54,29617.11,31423.83,33093.64,34030.43,35147.54,35549.55,37667.49,38986.45,41636.40,43984.90,47307.97,50267.52,53149.93,55384.87,58313.00,62108.25,65762.79,70171.06,75902.14,84155.30,91379.08,94482.93,89588.01,88642.71,85381.31,85762.29
Bhutan,211.88,219.81,224.08,242.94,275.67,248.42,244.22,260.90,242.41,262.93,311.56,341.25,350.19,383.86,367.73,366.98,420.66,489.41,511.54,480.09,510.70,435.86,444.26,425.50,507.35,567.93,596.26,683.73,675.19,732.43,778.14,820.12,897.39,1009.08,1108.60,1258.99,1348.82,1760.60,1817.99,1795.14,2211.44,2523.68,2508.90
Bolivia,239.52,253.23,288.69,286.19,461.80,503.09,562.75,549.02,585.56,620.46,652.19,703.13,696.81,675.92,680.84,678.69,660.86,681.75,709.35,710.70,716.45,768.07,792.31,786.36,801.36,879.48,947.48,993.38,1042.61,995.51,988.53,939.15,893.95,896.37,954.89,1020.78,1203.25,1355.88,1695.56,1735.15,1934.68,2319.61,2575.68
Bosnia and Herzegovina,,,,,,,,,,,,,,,,,,,,,1713.19,1398.28,1142.78,935.13,751.23,563.42,790.65,1070.13,1161.78,1249.00,1448.31,1495.00,1725.96,2181.56,2612.62,2821.58,3227.10,3976.06,4829.25,4461.01,4361.70,4751.67,4517.20
Botswana,96.36,123.05,154.97,221.28,296.93,333.12,347.43,430.74,493.21,618.83,854.53,942.01,796.70,835.75,846.13,707.03,914.62,1220.64,1372.01,2248.10,2688.96,2714.90,2777.46,2712.15,2757.04,2987.52,2990.62,3029.09,2831.01,3179.42,3297.48,3078.28,3006.59,4098.84,4829.52,5294.38,5341.40,5711.73,5746.98,5178.44,6980.36,7697.40,7191.43
Brazil,366.58,399.60,502.16,694.31,869.38,998.45,1152.81,1310.40,1453.18,1564.82,1569.94,1810.10,1872.44,1306.13,1316.00,1375.88,1620.82,1743.17,1910.98,2552.95,2687.21,2459.05,2318.30,2561.44,3598.40,4749.81,5107.80,5219.10,4979.15,3413.37,3694.62,3131.56,2820.84,3039.20,3607.04,4738.54,5789.77,7194.08,8622.71,8373.34,10978.09,12575.97,11346.80
British Virgin Islands,2022.83,1717.30,1765.26,1971.35,2330.40,2536.68,2747.44,2826.54,3262.68,4022.99,4923.20,5234.18,5951.34,6444.39,6779.79,6753.83,7021.25,7993.15,8590.89,9826.37,8893.70,8099.43,10151.07,13342.37,17000.72,21546.81,23839.86,27088.74,30467.40,33339.94,36380.37,38417.76,36527.56,32390.14,33123.17,37550.17,39345.08,40741.49,38575.21,33004.30,32839.88,33032.82,32375.21
Brunei Darussalam,1564.82,1649.86,2164.47,3315.71,7882.30,8236.05,9642.95,11299.49,12203.20,17015.76,28940.02,24854.16,23572.00,20661.01,19768.80,17906.21,10616.03,11853.74,10965.50,11955.32,13702.18,14002.07,15389.20,14681.57,14222.85,16047.65,16909.98,16768.54,12767.24,14174.16,18087.01,16515.85,16868.40,18541.80,21818.92,25913.62,30612.70,32108.19,37095.05,27211.93,30882.33,41059.99,41126.61
Bulgaria,1059.48,1041.02,1210.59,1435.44,1553.25,1364.49,1441.01,1468.51,1586.03,1056.94,1215.74,1390.76,1505.63,1614.83,1729.39,1828.83,1949.18,2130.91,2452.70,2473.02,2349.59,869.93,991.52,1263.17,1145.49,1563.64,1074.39,1226.07,1606.21,1641.18,1612.89,1747.79,2030.29,2647.39,3264.62,3760.70,4356.62,5568.47,6906.02,6522.66,6459.02,7301.71,7003.75
Burkina Faso,80.02,80.28,100.71,114.48,123.80,144.54,135.95,161.06,203.37,267.14,283.34,256.47,229.55,204.51,178.20,202.97,259.41,294.12,316.29,307.99,355.61,349.97,364.77,338.39,195.06,238.25,251.92,231.86,258.36,267.03,226.80,237.25,260.69,332.23,371.22,407.00,420.79,474.59,569.64,553.04,578.67,642.65,649.28
Burundi,69.23,70.20,67.72,83.14,93.20,110.02,119.09,138.47,152.72,192.37,224.76,228.41,233.85,240.57,212.14,239.20,243.71,221.89,201.10,202.49,199.74,197.98,180.15,158.70,170.90,157.46,134.93,149.28,135.47,120.68,103.84,94.65,87.23,80.12,88.47,143.77,158.33,162.84,186.90,200.83,225.77,240.64,229.20
Cambodia,108.21,105.71,101.90,85.44,87.34,94.46,101.54,94.92,105.17,102.14,106.34,115.28,119.11,124.56,130.34,135.57,139.34,169.23,197.69,198.63,187.44,239.73,246.22,241.52,256.58,307.30,316.19,302.17,267.86,293.70,299.98,320.05,337.50,360.66,405.94,471.16,536.66,628.43,742.58,735.41,782.62,878.38,944.41
Cameroon,170.82,186.62,234.48,310.08,322.30,411.80,436.33,496.14,634.66,820.42,992.91,904.59,880.87,891.85,852.34,812.62,963.84,1019.17,966.55,864.45,981.39,915.58,906.50,931.49,525.13,639.83,666.84,620.21,650.51,646.02,583.09,589.17,648.30,791.59,892.53,914.55,964.60,1069.86,1190.21,1163.01,1145.40,1256.71,1202.49
Canada,4091.78,4546.30,5095.89,5829.56,7013.28,7495.10,8797.06,8902.34,9088.59,10002.13,11152.45,12346.51,12531.38,13468.22,13855.47,14044.73,14350.72,16166.82,18800.90,20652.44,21405.46,21715.87,20816.65,20045.99,19867.47,20549.77,21191.01,21796.77,20950.11,22169.86,24088.37,23646.71,24054.76,28101.82,31910.25,36095.13,40194.90,44196.97,46226.11,40614.31,47297.10,51573.37,52283.33
Cabo Verde,264.83,289.74,317.40,380.36,372.77,428.81,400.02,378.78,442.07,479.03,536.40,521.05,515.85,496.20,462.38,473.42,646.48,792.27,881.98,881.55,995.37,1015.42,1105.13,1084.61,1194.32,1396.71,1404.54,1343.67,1403.59,1563.35,1386.09,1420.34,1538.12,1982.47,2219.69,2309.39,2614.35,3129.82,3692.00,3524.33,3413.26,3887.75,3849.84
Cayman Islands,2589.79,3094.32,3890.04,4770.98,5227.31,5856.92,6567.49,7370.64,8299.44,9398.49,10714.79,12302.21,14201.00,19182.82,20738.90,21541.95,22566.44,25033.41,28949.53,31420.71,37182.03,37040.30,37558.51,38587.81,39938.12,40929.63,41940.99,43032.57,53251.37,54735.27,54632.62,53934.76,54459.02,54893.03,56274.39,62558.11,64107.30,68309.47,67049.05,61485.15,58531.85,58813.84,58942.30
Central African Republic,144.23,150.68,169.01,195.23,198.63,261.79,305.22,335.56,394.44,441.46,488.85,424.42,387.31,330.85,308.02,329.72,418.10,438.21,452.53,432.71,494.61,462.27,462.80,409.19,265.94,340.50,300.81,273.81,276.53,280.00,251.35,251.57,263.16,297.61,326.20,340.91,365.50,413.48,474.39,464.51,456.56,498.78,482.67
Chad,130.29,139.05,141.14,152.83,173.97,245.90,226.22,224.44,266.24,302.99,254.03,197.48,174.33,168.89,177.40,170.40,203.72,224.26,253.78,232.25,270.87,260.50,262.98,222.28,174.63,206.97,223.84,206.71,227.56,191.03,166.89,198.32,221.80,292.41,456.79,586.49,608.28,655.31,757.34,666.55,760.97,865.09,818.06
Chile,997.91,1172.98,1244.18,1743.63,1662.63,761.59,1024.81,1369.90,1557.25,2067.39,2710.45,3201.04,2251.51,1827.57,1782.01,1545.90,1634.26,1876.44,2153.00,2413.12,2609.48,2928.16,3474.72,3623.18,4076.32,5135.67,5317.86,5730.00,5419.26,4920.74,5007.17,4511.82,4375.67,4760.08,6143.73,7532.01,9371.43,10383.49,10672.25,10120.04,12684.93,14512.60,15363.10
China,111.79,117.33,130.25,155.16,157.96,175.51,162.30,181.67,223.73,271.22,311.50,294.42,291.71,306.13,303.89,290.96,281.28,298.99,367.52,401.21,347.08,358.51,416.94,528.45,475.28,611.67,714.81,783.63,826.10,864.77,931.59,1022.78,1123.70,1266.89,1484.01,1735.15,2106.24,2626.32,3386.58,3778.33,4375.42,5345.10,6069.72
China: Hong Kong SAR,963.19,1113.75,1403.52,1936.09,2212.48,2307.09,2870.49,3392.69,3826.35,4568.93,5711.05,6027.73,6175.63,5652.25,6263.26,6593.01,7485.80,9096.58,10576.36,12020.45,13277.24,15191.59,17640.26,20161.80,22468.84,23541.76,25451.62,27579.35,25620.86,24621.61,25115.05,24577.17,24066.40,23366.76,24519.57,26327.04,28005.30,30512.57,31470.00,30548.01,32441.49,35049.80,36827.18
China: Macao SAR,656.55,776.16,947.97,1299.00,1506.42,1757.96,1762.64,2271.67,2983.37,3383.57,3986.07,4107.27,4203.32,3998.10,4431.92,4379.48,4704.38,5837.10,6594.57,7555.04,8823.73,9972.12,12821.26,14451.95,15846.92,17454.79,17443.43,17212.97,15729.31,14785.44,14894.23,14869.94,15778.65,17586.28,22371.60,25189.77,30363.51,36606.83,40847.03,40859.95,53045.99,67359.47,78275.06
Colombia,477.53,505.59,548.20,633.85,744.56,771.30,882.57,1094.88,1277.51,1500.28,1752.54,1867.04,1954.79,1900.55,1836.89,1639.89,1607.82,1639.18,1731.47,1711.36,1709.10,1716.59,1802.75,2047.98,2653.70,3015.60,3110.69,3355.68,3045.48,2622.67,2503.28,2421.47,2376.80,2260.25,2753.07,3393.99,3708.60,4661.21,5403.46,5104.99,6179.77,7144.33,7752.17
Comoros,84.58,91.62,105.77,138.14,152.25,229.53,218.70,233.01,290.61,373.98,393.83,352.69,320.63,324.46,304.21,315.34,435.75,513.19,528.33,493.49,590.55,580.35,614.35,593.86,408.57,497.74,482.67,433.20,428.96,432.17,382.16,406.14,451.71,568.76,619.11,644.27,653.95,734.82,805.70,786.91,776.62,900.30,858.32
Congo,196.34,217.91,253.91,328.19,384.60,439.79,442.99,429.21,518.36,684.49,949.55,1077.60,1133.98,1068.80,1085.76,1039.48,864.91,1045.32,979.47,1044.94,1174.32,1113.54,1167.77,1041.07,670.92,777.76,908.18,806.97,650.01,773.18,1029.97,871.67,919.69,1039.38,1347.87,1718.08,2120.10,1978.13,2625.08,2337.56,2986.83,3855.13,3403.96
Cook Islands,484.06,482.89,504.40,660.93,790.26,792.09,768.96,923.33,1110.22,1303.45,1467.69,1527.58,1529.07,1502.36,1550.24,1613.68,2079.84,2700.16,3331.45,3413.24,3831.92,4085.79,4185.61,4629.91,5452.04,5786.31,5854.30,5427.11,4779.87,5149.35,5140.36,5345.57,6073.68,8174.01,9358.03,9410.68,9557.04,11478.26,11662.59,10725.71,12652.99,14192.81,14917.73
Costa Rica,686.79,733.03,823.22,993.23,1057.52,1214.14,1455.99,1805.61,2014.83,2244.85,2614.02,1380.54,1333.65,1565.66,1771.41,1846.98,2018.17,2021.99,2004.60,2212.32,2356.32,2269.47,2651.44,2909.84,3111.03,3368.38,3320.92,3507.12,3759.31,4111.77,4058.09,4087.11,4114.60,4199.71,4379.15,4621.37,5128.40,5897.53,6582.79,6385.57,7773.19,8660.59,9387.02
Cï¿½te d'Ivoire,286.33,291.04,325.73,421.87,486.73,589.44,674.05,865.73,1043.94,1155.47,1231.08,977.11,840.34,728.56,700.14,686.91,868.64,923.04,906.08,914.90,981.60,920.27,929.11,833.82,602.52,781.08,829.61,779.29,818.90,794.91,662.16,681.63,740.45,905.19,965.59,982.23,978.10,1097.33,1274.96,1238.79,1207.83,1241.58,1230.17
Croatia,,,,,,,,,,,,,,,,,,,,,3411.39,2784.16,2522.43,2688.18,3621.98,4711.14,5022.61,5130.92,5543.37,5114.96,4808.25,5183.96,5992.85,7739.92,9319.56,10212.50,11386.09,13580.00,15959.74,14299.54,13576.51,14289.44,13104.61
Cuba,653.24,779.56,901.37,1088.44,1224.41,1380.26,1444.87,1474.64,1837.76,2003.29,2024.68,2038.21,2110.00,2226.12,2397.09,2270.12,2378.93,2451.27,2641.24,2572.87,2702.19,2275.93,2052.99,2066.92,2615.02,2783.43,2278.29,2300.95,2326.17,2555.07,2744.12,2835.08,2995.90,3192.40,3388.77,3776.47,4666.99,5185.38,5382.82,5499.12,5701.96,6164.52,6300.84
Cyprus,926.78,1072.32,1289.73,1552.14,1677.97,1450.58,1691.44,2157.50,2810.78,3655.98,4384.47,4178.89,4286.02,4235.61,4400.45,4625.57,5841.69,6923.97,7904.05,8321.96,9970.82,10024.22,11704.10,10893.19,12012.38,14091.04,14025.53,13137.80,13930.00,14145.95,13226.52,13687.69,14711.77,18255.98,21218.47,22298.45,23876.49,27685.92,31689.63,29265.48,28680.32,29208.25,26462.41
Czech Republic,,,,,,,,,,,,,,,,,,,,,3412.84,2678.40,3177.23,3796.48,4444.43,5589.00,6283.53,5766.95,6205.65,6053.08,5736.64,6291.97,7678.17,9338.88,11165.58,12713.37,14440.43,17458.16,21651.01,18804.03,18807.96,20361.93,18428.26
Czechoslovakia (Former),1134.72,1180.94,1346.18,1581.21,1685.44,1846.17,1806.98,2570.95,2811.14,3000.99,3125.21,3304.86,3321.19,3290.90,2969.31,2965.42,3474.89,3895.08,3843.54,3762.97,3562.93,,,,,,,,,,,,,,,,,,,,,,
D.P.R. of Korea,384.16,412.61,443.47,477.41,515.26,557.86,571.45,587.07,604.12,621.64,638.90,653.10,807.72,793.92,744.51,722.44,804.89,836.26,763.83,810.78,734.86,662.64,593.08,503.24,384.46,222.25,478.79,461.77,455.51,451.79,461.96,476.13,467.98,470.98,472.98,547.86,574.90,596.85,550.75,494.38,569.84,637.70,582.63
D.R. of the Congo,150.37,163.63,175.72,218.11,258.97,268.78,246.28,306.23,422.44,402.56,374.27,322.26,313.19,258.84,151.71,158.00,177.63,147.30,163.76,268.22,267.94,246.87,217.50,272.76,142.63,134.33,133.92,134.79,138.24,120.67,112.18,109.48,111.98,111.24,124.05,133.10,156.22,174.21,198.38,184.29,212.09,251.10,286.48
Denmark,3365.14,3732.60,4528.05,5973.53,6616.49,7822.84,8597.69,9586.98,11606.55,13513.18,13605.88,11780.79,11504.79,11565.79,11282.73,11969.29,16888.83,20984.89,22108.78,21456.16,26426.13,26520.50,29043.87,27092.23,29473.21,34779.14,35101.50,32299.93,32772.78,32699.81,29987.48,29969.24,32386.05,39500.00,45332.13,47561.87,50428.39,56957.41,62568.20,56213.06,56411.65,59853.25,56252.62
Djibouti,413.50,440.54,500.60,588.17,687.50,698.75,751.97,725.32,716.28,784.62,838.38,852.45,867.47,858.04,882.00,870.71,876.95,838.56,824.78,787.81,774.53,761.15,765.19,751.15,782.60,767.52,734.54,714.00,711.15,753.29,769.00,787.07,800.84,831.11,869.98,912.50,976.00,1061.64,1212.86,1276.65,1353.19,1461.94,1583.06
Dominica,324.22,359.84,385.89,443.24,529.70,555.98,538.03,592.98,727.95,707.35,938.85,1051.06,1146.81,1279.25,1448.43,1601.69,1836.17,2077.37,2428.81,2629.25,2820.94,2994.77,3232.30,3367.49,3611.74,3673.83,3972.87,4143.56,4415.76,4582.14,4656.01,4750.53,4683.99,4864.17,5217.94,5126.02,5484.56,5915.36,6475.93,6870.44,6766.40,6939.68,6958.17
Dominican Republic,405.00,441.84,512.78,589.08,716.13,858.84,919.83,1042.21,1050.38,1191.63,1403.82,1503.33,1610.29,1704.37,2001.41,848.70,1005.26,920.32,822.71,1161.74,1295.30,1315.46,1495.63,1664.43,1773.40,1945.30,2090.97,2329.91,2429.52,2514.08,2730.48,2785.70,2788.15,2209.67,2344.01,3578.05,3774.50,4259.24,4636.43,4702.93,5089.47,5462.70,5731.24
Ecuador,329.08,306.03,348.10,449.53,651.79,736.56,884.36,1077.72,1207.05,1437.79,1756.74,2035.63,1970.77,1763.40,1760.11,2108.54,1452.19,1323.82,1228.51,1176.59,1249.99,1343.28,1414.12,1563.16,1886.59,2007.85,2070.30,2253.57,2172.52,1547.00,1461.62,1914.45,2191.01,2442.27,2704.67,3012.75,3337.40,3574.88,4255.85,4236.78,4636.69,5232.67,5647.64
Egypt,224.06,232.27,243.16,247.57,286.69,314.12,363.34,454.60,544.85,355.29,447.77,291.36,332.18,390.43,436.26,468.91,477.59,517.86,551.26,592.29,637.92,683.07,784.45,853.51,938.51,1075.03,1190.55,1292.86,1359.87,1411.82,1446.76,1349.98,1266.74,1066.88,1121.77,1315.96,1476.10,1780.49,2183.60,2448.42,2749.00,2912.39,3154.91
El Salvador,90.56,92.74,96.30,108.57,125.45,139.21,173.59,213.62,224.89,247.14,251.75,240.31,245.54,274.17,310.61,376.84,513.00,593.12,692.51,804.80,898.33,978.93,1080.48,1239.52,1424.09,1652.83,1776.47,1901.65,2037.04,2102.40,2204.17,2307.77,2381.16,2495.56,2611.16,2814.93,3042.76,3283.53,3483.70,3341.33,3444.46,3698.55,3789.57
Equatorial Guinea,69.68,73.87,73.24,97.61,109.10,141.50,153.23,175.99,203.96,230.94,243.85,217.55,239.57,249.21,231.92,256.56,303.62,354.01,364.58,311.67,356.34,341.02,400.52,391.04,280.18,376.54,599.85,1116.07,906.44,1469.64,2272.24,3170.64,3784.01,4843.11,8147.74,11936.60,13760.71,16949.17,22110.78,14962.49,17792.02,18920.32,19680.28
Eritrea,,,,,,,,,,,,,,,,,,,,,103.28,117.08,131.40,151.01,187.40,187.72,215.48,219.66,220.62,209.12,179.31,183.43,170.34,194.58,237.71,226.29,240.55,252.98,256.44,334.06,368.75,439.71,506.94
Estonia,,,,,,,,,,,,,,,,,,,,,3544.57,3411.65,2800.45,2755.20,2816.31,3053.32,3336.11,3603.54,4037.67,4152.11,4157.71,4600.21,5434.90,7350.27,9033.03,10492.17,12744.03,16746.22,18162.08,14901.70,14666.41,17414.45,17335.31
Ethiopia,,,,,,,,,,,,,,,,,,,,,233.29,257.04,198.54,138.36,129.48,133.05,140.03,140.66,123.92,114.22,121.63,117.18,109.95,117.44,134.15,159.70,191.38,236.10,309.95,332.33,302.10,335.00,453.57
Ethiopia (Former),84.70,87.15,92.36,103.74,113.62,110.55,117.96,132.10,138.62,149.92,156.38,159.86,160.06,169.87,194.39,220.47,223.02,230.95,217.21,215.98,227.19,250.72,196.33,140.42,,,,,,,,,,,,,,,,,,,
Fiji,427.92,469.12,588.68,775.92,998.12,1198.11,1195.25,1214.83,1374.51,1657.06,1913.15,1917.64,1804.64,1655.07,1698.79,1619.50,1814.62,1648.97,1552.07,1749.82,1854.56,1901.63,2080.62,2190.81,2408.91,2592.52,2717.99,2700.79,2117.03,2462.07,2122.62,2083.08,2307.38,2894.23,3401.20,3655.47,3746.71,4075.92,4301.59,3432.10,3747.84,4324.86,4571.94
Finland,2436.17,2677.49,3136.54,4121.33,5233.27,6181.10,6657.49,6985.03,7542.41,9224.40,11091.53,10788.20,10810.89,10360.99,10681.55,11215.18,14694.76,18238.52,21644.75,23509.53,27852.17,25011.43,21881.88,17256.51,19783.15,25606.48,25031.44,23922.92,25180.71,25232.25,23528.28,24023.41,25996.72,31506.46,36161.49,37316.86,39475.45,46507.06,51139.37,44795.27,44098.36,48670.43,45741.00
France,2823.74,3131.19,3810.36,4915.07,5261.86,6587.01,6766.16,7436.17,9138.17,11014.76,12513.08,10915.20,10305.42,9812.86,9246.29,9576.20,13288.92,15989.61,17344.24,17353.57,21333.90,21254.40,23326.36,21943.72,23048.38,26378.25,26291.20,23671.09,24362.14,24040.80,21770.33,21818.67,23493.21,28760.00,32727.15,33764.56,35411.31,40295.34,43938.96,40424.85,39361.62,42452.57,39617.34
French Polynesia,2378.54,2686.78,2855.28,3646.46,4542.44,5467.73,6003.80,6267.54,7694.53,9280.55,10271.33,9327.73,9104.46,9184.67,9214.94,9794.71,14553.36,15655.55,15477.70,15253.49,17986.90,18236.02,19445.97,18219.05,18547.37,20541.83,19428.69,18207.69,18582.36,18031.44,15834.63,15306.18,16044.13,19806.40,22052.62,22374.03,22786.46,25435.44,27767.27,26786.27,25975.87,27730.07,26113.28
Gabon,672.47,777.47,860.73,1418.93,2975.22,4075.09,5564.36,5080.76,4223.64,5231.14,7213.79,6349.91,5799.65,5299.45,5419.55,5428.80,5002.75,4766.32,4647.04,4864.95,6166.66,5976.93,6023.90,5671.26,4282.81,4937.67,5525.41,5058.02,4155.29,4172.68,4477.58,3990.08,4063.62,4982.25,5757.62,6856.98,7288.08,8526.06,11346.26,10125.55,12062.10,15218.05,14747.06
Gambia,215.41,219.56,277.20,457.59,580.50,675.24,603.07,619.29,715.45,761.17,833.89,853.59,826.72,786.95,739.67,893.78,579.89,618.26,739.65,735.66,771.85,727.04,729.08,748.87,720.15,737.51,773.99,713.08,724.84,682.84,637.10,542.68,442.53,361.16,415.81,434.50,441.92,522.34,612.03,553.11,566.36,520.33,512.10
Georgia,,,,,,,,,,,,,,,,,,,,,1544.10,1267.46,729.92,536.77,500.32,533.06,613.90,713.16,743.24,582.94,644.65,687.58,734.72,874.35,1135.20,1432.51,1742.06,2298.41,2899.74,2446.41,2651.89,3299.93,3632.13
Germany,2634.30,3041.31,3640.42,4833.69,5402.95,5955.75,6314.76,7304.93,9021.25,10754.64,11616.28,9800.40,9522.16,9459.86,8901.87,8984.84,12807.54,15842.33,17029.52,16918.83,21300.87,22320.87,25292.16,24413.24,25956.96,30339.86,29224.87,25837.71,26085.54,25523.56,22588.24,22502.99,23978.91,28926.67,32514.96,32996.02,34663.71,39768.58,43460.16,39650.25,39804.17,43768.64,41376.23
Ghana,412.82,438.90,372.70,334.10,379.11,355.02,355.10,380.00,434.10,449.96,481.79,494.09,472.17,452.41,492.76,516.61,539.25,565.43,601.30,591.31,682.40,746.12,713.40,601.39,534.20,618.15,647.15,628.62,667.28,672.79,424.19,441.47,499.42,602.50,683.11,804.26,929.95,1099.08,1234.44,1096.50,1326.07,1594.03,1604.91
Greece,1424.30,1574.41,1814.26,2390.00,2694.15,3008.05,3247.55,3719.20,4485.53,5448.90,5621.47,5130.80,5315.64,4785.30,4628.91,4589.75,5390.87,6255.13,7239.09,7478.10,9187.26,9784.69,10707.50,9917.41,10517.16,12231.26,12829.58,12428.50,12414.30,12730.23,11462.20,11789.84,13246.11,17480.75,20656.47,21742.75,23679.01,27598.73,30821.27,28925.18,26482.71,26072.36,22377.42
Greenland,1483.47,1845.34,2169.98,2827.19,3393.43,4187.84,4755.16,5567.40,7019.13,8280.24,9328.11,8469.02,7733.63,7894.17,7100.30,7631.92,11020.23,14238.31,16099.03,16532.23,18017.81,17915.05,18270.22,16324.18,17718.16,21298.11,21087.92,18865.48,20206.70,19849.23,18693.12,18955.71,20332.53,24720.93,28432.06,28977.40,31817.88,35907.50,40617.91,39982.34,40063.65,42959.30,41266.47
Grenada,203.66,258.50,346.31,428.09,444.85,551.37,558.35,634.12,823.75,974.07,966.46,1018.81,1095.11,1122.03,1189.17,1326.43,1489.95,1740.09,1948.46,2160.15,2393.07,2504.11,2532.20,2557.83,2647.23,2765.51,2959.99,3176.58,3484.20,3745.20,5117.58,5109.96,5292.29,5773.41,5836.23,6754.38,6766.41,7324.21,7947.33,7395.05,7353.17,7426.51,7418.29
Guatemala,313.42,317.95,327.58,389.75,466.97,524.74,612.64,750.53,811.48,900.72,1003.31,1069.26,1056.20,1069.52,1092.01,1258.44,928.64,761.00,823.37,862.97,767.12,921.61,999.44,1066.12,1186.32,1308.67,1377.45,1517.29,1617.23,1492.40,1534.75,1629.31,1765.85,1816.95,1937.72,2146.18,2326.30,2561.44,2867.48,2697.39,2882.56,3242.69,3340.03
Guinea,134.40,147.17,155.82,166.04,189.72,212.75,241.79,247.64,281.59,298.98,330.68,357.70,378.02,388.14,397.38,418.00,428.41,442.67,471.66,463.12,485.11,485.75,493.61,463.39,461.10,501.84,508.43,484.37,433.75,413.06,364.99,342.54,337.21,373.99,387.21,306.47,311.08,466.02,514.82,501.23,481.13,501.69,532.06
Guinea-Bissau,450.22,436.47,496.57,593.56,634.62,714.37,633.81,539.88,619.47,672.46,627.36,672.10,538.21,528.28,564.82,499.43,540.23,574.57,531.73,569.71,597.70,623.16,630.15,642.38,661.31,689.11,504.25,388.29,290.83,310.55,291.56,302.86,314.13,344.30,376.89,412.79,407.41,468.63,569.65,533.22,532.60,563.79,510.44
Guyana,592.47,619.77,622.20,659.71,919.04,1073.96,940.82,922.38,1029.99,1070.08,1214.00,1167.40,996.18,1010.34,932.72,979.91,1111.55,742.76,899.97,832.74,871.53,768.40,824.61,1027.58,1198.08,1361.54,1539.41,1627.46,1551.46,1495.11,1526.59,1518.99,1542.65,1572.38,1659.75,1728.94,1905.55,2258.98,2478.40,2593.37,2873.95,3257.88,3584.69
Haiti,70.27,75.62,76.22,94.03,111.92,132.47,167.70,177.19,178.63,194.03,243.12,243.25,247.40,266.13,290.83,314.49,342.48,293.34,288.95,325.24,367.59,324.13,207.10,205.63,267.44,297.76,340.85,365.20,415.55,444.26,391.44,368.63,332.48,287.92,367.39,411.05,476.15,575.13,609.19,607.15,614.31,670.93,706.45
Honduras,306.30,315.23,336.69,371.77,409.25,431.48,501.78,602.27,674.36,762.36,841.95,896.76,895.44,920.37,963.05,1024.63,1040.54,1101.36,1191.42,1293.10,741.75,726.06,787.39,786.22,750.35,844.87,850.50,961.24,1049.81,1059.55,1152.64,1202.31,1210.01,1242.25,1311.81,1414.29,1551.35,1722.00,1895.80,1952.85,2078.32,2277.36,2339.29
Hungary,606.05,657.29,768.29,948.04,1035.03,1175.09,1354.94,1505.13,1750.85,2014.28,2324.44,2385.63,2436.43,2220.64,2163.42,2201.03,2546.50,2810.54,3021.10,3072.23,3514.69,3288.88,3667.22,3799.61,4087.15,4402.46,4444.24,4512.87,4663.22,4706.38,4536.88,5170.64,6528.29,8236.68,10073.83,10927.31,11166.93,13526.93,15351.29,12625.69,12731.44,13750.40,12489.77
Iceland,2538.76,3189.19,3941.57,5327.75,6927.89,6359.38,7470.59,9794.60,11046.42,12440.31,14602.81,14927.92,13551.39,11553.37,11825.01,12177.77,16099.13,22030.24,24106.82,22157.47,25008.47,26447.96,26841.90,23349.29,23763.58,26240.41,27142.78,27210.59,30089.57,31405.73,30927.71,27892.33,31043.26,37837.03,45200.53,54883.26,55377.05,66987.26,54403.37,38608.31,39506.43,43613.71,41670.20
India,110.72,116.14,123.51,143.97,158.80,161.41,158.89,180.11,203.54,220.07,264.33,275.59,275.11,293.53,284.36,289.69,310.56,336.36,364.29,353.22,376.11,326.83,321.90,308.31,346.68,386.31,399.91,426.64,422.00,442.31,448.82,455.84,468.97,540.63,644.19,743.03,829.11,1040.56,1101.69,1124.45,1414.03,1574.77,1516.32
Indonesia,85.51,87.53,100.18,144.58,223.67,257.73,307.80,369.45,405.37,395.62,545.17,676.39,678.85,600.04,602.61,588.28,528.46,491.50,563.95,632.66,700.84,771.35,822.99,919.25,1012.57,1139.00,1261.88,1179.83,514.44,746.89,789.81,756.93,909.89,1076.22,1160.61,1273.47,1601.03,1871.29,2178.20,2272.04,2946.66,3471.43,3556.79
Iran (Islamic Republic of),350.69,429.88,522.96,810.13,1372.54,1486.75,1870.39,2125.25,2024.75,2285.21,2364.39,2475.44,2931.83,3458.05,3524.88,1567.84,1477.78,1715.89,1729.99,1656.02,1615.21,1668.55,1703.98,1851.69,1830.39,1824.16,1871.33,1718.80,1650.83,1689.40,1578.13,1651.43,1995.42,2045.79,2461.31,2930.57,3433.13,4346.81,4997.25,4977.65,5663.48,6991.30,7217.42
Iraq,233.95,254.01,246.75,299.77,342.06,414.61,511.95,537.11,658.51,857.61,912.47,795.73,812.52,754.46,764.57,768.89,830.59,998.04,1040.36,960.89,972.92,331.98,380.76,263.75,204.45,170.74,290.12,307.25,379.75,642.41,710.07,721.22,690.88,636.62,981.99,1324.76,1943.72,2606.47,3621.63,3771.70,3941.59,4250.82,4557.01
Ireland,1449.34,1660.38,2042.82,2383.82,2487.98,2913.98,2870.61,3340.29,4276.12,5334.69,6281.74,5910.18,6130.43,5876.43,5648.44,5967.30,8077.38,9535.36,10452.09,10795.72,13654.06,13798.88,15484.21,14403.85,15589.35,18803.98,20438.27,22146.72,23788.65,25749.02,25588.44,27203.91,31256.53,39575.64,45592.35,48720.03,52711.05,60499.35,60674.25,51116.08,46868.42,49976.46,46032.08
Israel,2133.78,2183.68,2783.87,3450.98,4531.97,4353.85,4455.06,4702.98,4523.94,5700.60,6344.00,6641.53,7071.01,7755.13,7153.34,6636.51,8111.05,9595.23,11491.11,11189.35,12861.62,14189.92,15258.66,14748.25,16058.96,18035.09,19168.65,19252.03,19052.51,18787.50,20643.34,19948.69,18087.47,18656.03,19543.62,20246.49,21474.98,24003.13,28354.91,26778.90,29336.83,32304.95,31537.41
Italy,2048.96,2236.96,2588.19,3106.10,3510.21,3982.26,3910.12,4461.52,5435.32,6767.69,8178.69,7361.04,7284.83,7538.72,7439.74,7674.35,10860.55,13662.33,15116.92,15745.32,20026.63,21117.96,22356.98,18020.60,18592.93,19867.71,22242.16,21071.32,21541.00,21242.96,19373.30,19644.90,21307.86,26170.67,29785.63,30445.18,31703.42,35759.67,38536.25,35057.06,33967.77,36176.62,33068.99
Jamaica,851.14,918.46,1100.99,1111.62,1360.36,1616.00,1655.34,1793.98,1444.55,1313.82,1428.28,1564.34,1701.31,1839.08,1188.42,997.16,1244.00,1476.99,1718.00,1963.18,2038.66,1782.27,1740.71,2214.32,2214.90,2658.08,2964.61,3352.64,3449.77,3451.53,3487.34,3529.72,3700.06,3562.46,3816.38,4190.39,4423.84,4724.83,5041.68,4441.95,4826.16,5239.81,5343.12
Japan,2015.96,2246.04,2933.30,3931.06,4307.44,4628.52,5146.81,6274.15,8739.17,9021.86,9377.69,10284.62,9488.16,10274.86,10849.99,11538.86,17013.99,20535.44,24831.77,24764.21,25388.27,28824.20,31277.66,35702.77,39083.70,42848.53,37711.39,34580.76,31249.89,35324.74,37634.42,33021.58,31531.47,34009.00,36725.69,36004.98,34268.41,34234.86,38086.76,39536.93,43150.88,46310.57,46838.46
Jordan,358.44,363.97,388.93,430.74,483.23,614.77,772.09,926.25,1193.42,1404.92,1759.60,1809.03,1848.49,1852.99,1814.92,1839.56,2143.61,2188.03,1959.98,1286.33,1197.06,1185.09,1421.02,1417.07,1501.48,1558.20,1556.64,1591.85,1708.66,1734.24,1774.67,1856.39,1954.42,2045.89,2240.96,2402.68,2773.48,3025.29,3717.16,3853.56,4094.07,4284.60,4413.66
Kazakhstan,,,,,,,,,,,,,,,,,,,,,1849.17,1706.78,1663.07,1556.17,1404.81,1332.77,1384.46,1482.09,1502.72,1159.27,1265.89,1534.79,1699.42,2108.93,2920.80,3825.03,5365.96,6869.43,8645.94,7387.90,9379.70,11681.51,12454.89
Kenya,195.03,208.63,225.68,256.73,295.12,311.88,320.29,398.87,454.90,502.44,563.38,511.39,474.08,424.31,422.93,403.72,459.22,487.72,503.24,475.91,470.73,429.20,410.72,276.28,341.07,426.77,424.78,450.33,471.90,419.93,402.88,404.14,398.51,439.60,462.05,523.65,612.23,721.46,785.78,768.37,786.65,816.84,942.54
Kiribati,460.45,477.91,594.12,954.05,1696.24,1601.89,1169.89,1077.53,1224.25,1139.63,614.53,706.25,678.63,624.02,667.00,482.34,452.85,511.49,641.00,598.76,563.03,654.82,654.82,632.32,727.45,732.95,862.69,853.96,820.30,849.85,815.48,728.84,841.48,1032.73,1145.31,1174.50,1137.89,1320.39,1419.99,1318.87,1539.88,1745.51,1745.20
Kosovo,,,,,,,,,,,,,,,,,,,,,2443.21,1829.60,1318.77,957.66,932.91,1959.71,1240.76,1136.70,1005.77,684.94,624.30,942.67,1081.68,1276.11,1412.06,1484.45,1579.91,1939.54,2394.21,2338.24,2412.57,2860.32,2813.08
Kuwait,3828.24,4801.52,5127.83,5828.20,13157.09,11443.85,11797.05,12036.85,12518.63,18982.88,20919.24,17539.25,14321.31,13239.89,13149.36,12393.46,9829.30,11649.86,10306.58,11807.45,8967.40,5508.08,10515.21,13912.99,15398.38,17140.61,19865.77,18552.09,15065.18,16565.83,19786.59,17615.64,18618.87,22620.98,27060.16,35185.93,42010.87,44868.52,54540.42,37180.37,40085.07,51397.76,56366.57
Kyrgyzstan,,,,,,,,,,,,,,,,,,,,,593.37,559.60,489.77,420.31,340.19,324.88,392.10,372.92,340.05,255.08,276.51,306.17,320.92,383.58,440.74,487.91,557.73,740.62,988.97,890.76,898.79,1147.01,1182.80
Lao People's DR,42.09,45.16,47.38,52.91,58.39,66.84,71.64,73.81,78.95,82.83,97.89,121.06,134.40,142.55,154.26,162.47,169.41,167.07,164.56,189.46,203.95,235.33,251.91,276.48,312.19,350.63,361.06,329.25,237.45,263.75,309.06,308.03,317.08,358.44,416.92,469.17,600.66,700.77,860.90,891.04,1054.40,1236.04,1369.26
Latvia,,,,,,,,,,,,,,,,,,,,,3333.78,3114.63,2103.94,1860.86,1944.73,1998.63,2304.28,2579.00,2865.62,3062.45,3278.90,3505.21,3981.01,4872.36,6083.74,7154.83,9035.58,13220.55,15644.90,12239.49,11527.96,13736.09,13773.35
Lebanon,647.92,710.70,863.31,1097.00,1378.68,1264.93,549.36,1025.21,1142.97,1321.17,1563.88,1488.83,1009.02,1352.55,944.34,810.16,999.73,777.57,1241.68,1015.46,1040.15,1508.10,1936.55,2598.30,2999.82,3614.79,4230.55,5042.55,5430.34,5388.23,5155.07,5082.60,5322.68,5366.14,5570.23,5483.18,5499.86,6052.78,7185.77,8158.87,8551.85,8953.41,9143.44
Lesotho,65.23,61.37,71.24,105.60,117.73,119.70,115.28,147.08,197.53,209.41,268.53,265.93,238.12,252.69,210.76,168.67,194.49,242.82,278.27,287.56,340.93,373.98,433.93,426.06,437.71,489.91,458.54,477.18,439.96,435.72,415.50,377.45,348.32,510.42,645.50,710.52,736.36,816.80,826.83,862.79,1097.02,1243.91,1190.90
Liberia,182.45,187.37,197.68,224.91,267.55,312.47,314.65,341.90,363.85,406.38,404.32,448.65,448.21,430.02,412.89,400.91,392.35,414.14,445.52,466.28,231.65,213.45,139.61,101.31,82.97,82.13,91.91,144.84,163.48,183.88,182.52,174.07,183.02,138.59,165.48,185.96,207.31,231.98,250.47,267.96,271.23,281.23,355.93
Libya,1916.93,2260.01,2600.80,3422.01,5761.46,5390.69,6729.88,7605.03,7221.72,9580.00,12405.01,10425.93,9827.07,9137.24,8008.08,7993.72,6309.27,5715.26,6291.42,6502.56,7298.06,7892.92,8173.58,7234.92,6611.37,5959.29,6467.21,6740.79,5968.32,6605.18,7432.21,6477.17,4103.19,4838.24,6045.53,8124.39,9685.57,10838.27,16220.81,11541.65,13399.71,6650.13,15565.83
Liechtenstein,4236.78,4827.85,5639.88,7354.35,8439.80,10513.72,11388.84,12415.85,17502.39,19773.38,20669.50,19512.90,19691.36,19576.50,18609.39,19409.14,28316.61,37876.36,41359.88,39430.50,49452.39,50977.56,55271.64,55892.48,64140.15,78786.81,80033.66,72372.02,76944.75,81530.97,75057.89,74437.66,79495.52,89944.74,100286.67,105306.75,114197.24,130322.60,142810.41,125769.76,141458.32,167171.74,158976.76
Lithuania,,,,,,,,,,,,,,,,,,,,,2802.11,2735.68,2210.93,1901.86,1762.32,1855.28,2336.82,2826.67,3162.29,3107.21,3287.35,3530.11,4161.30,5534.59,6796.98,7940.89,9336.72,12325.23,15105.94,11943.88,11963.35,14153.53,13984.22
Luxembourg,4254.77,4399.83,5462.91,7431.17,8987.16,8746.91,9518.75,10464.96,12955.61,15075.94,16393.60,13734.31,12496.45,12277.79,12028.71,12367.90,17978.51,22230.39,24958.24,26345.98,33181.93,35497.59,39308.91,39786.70,43609.47,50651.82,49706.59,44083.61,45442.82,49122.05,46473.34,45887.27,50887.48,65198.48,75467.27,82217.45,91256.66,107749.96,112336.63,99215.35,102490.38,112346.45,105287.04
Madagascar,136.56,143.63,159.63,191.13,210.43,243.41,225.95,237.23,260.78,328.82,373.28,323.22,308.89,299.80,302.59,286.32,317.43,242.88,224.54,222.92,266.74,224.68,244.30,266.59,228.30,234.89,287.76,247.44,252.76,243.82,246.28,278.99,262.74,317.42,245.67,275.48,292.96,379.07,472.38,417.49,414.87,457.68,447.13
Malawi,120.53,147.18,163.09,152.37,182.17,197.10,208.41,242.30,275.76,286.60,338.04,329.22,303.79,308.63,292.36,263.15,261.17,256.61,269.35,307.54,315.97,357.08,317.33,347.47,204.23,234.04,272.95,281.37,283.21,274.70,262.33,251.56,276.30,244.96,258.25,263.56,289.61,328.90,373.18,424.87,449.76,471.55,355.40
Malaysia,342.56,410.10,475.47,705.10,853.15,818.68,947.56,1101.19,1339.76,1697.17,1912.54,1905.15,1991.27,2180.88,2391.69,2138.30,1847.18,2044.08,2179.18,2370.37,2611.88,2837.33,3327.70,3668.49,3982.50,4630.89,5125.17,4963.12,3488.24,3734.87,4166.54,4034.86,4297.76,4606.55,5117.10,5553.99,6179.65,7218.28,8453.91,7277.98,8754.24,10050.35,10421.56
Maldives,368.24,398.24,449.80,534.20,654.49,397.73,352.90,320.10,364.14,559.77,598.45,612.37,751.82,757.85,842.78,897.02,966.78,930.23,1074.20,1170.71,1289.57,1425.30,1618.30,1786.49,1925.84,2292.79,2529.38,2790.89,2902.21,3101.41,3222.37,3166.63,3203.47,3660.76,4086.74,3665.61,4860.02,5768.83,6774.06,6785.77,7169.04,7168.32,7699.79
Mali,51.49,60.65,67.55,76.99,71.07,104.06,121.24,138.82,158.26,196.70,225.23,203.80,175.35,151.04,145.68,156.36,224.83,262.51,268.05,264.91,315.13,301.44,334.73,333.08,213.63,291.26,301.49,285.04,300.68,294.53,258.80,285.69,293.04,376.26,430.51,459.44,496.74,561.49,665.05,661.13,672.12,738.55,690.91
Malta,844.67,891.80,994.93,1164.09,1262.45,1582.88,1743.30,2039.34,2549.29,3166.30,3892.57,3813.43,3729.63,3471.27,3235.55,3239.21,4107.09,4954.48,5650.56,5863.69,6972.70,7443.63,8087.02,7170.83,7856.41,9282.40,9460.82,9299.50,9695.04,9895.02,9975.64,9837.08,10690.55,12727.23,14035.36,14781.49,15739.81,18344.12,20759.45,19566.26,19884.23,21604.72,20513.57
Marshall Islands,413.51,429.14,447.82,496.72,622.12,654.53,685.89,737.98,784.46,871.09,876.13,975.56,1050.75,1200.10,1238.37,1148.19,1396.96,1498.95,1609.20,1595.63,1666.01,1708.91,1851.73,1995.41,2145.65,2366.33,2165.88,2045.64,2071.62,2004.29,2066.39,2123.78,2298.94,2382.14,2543.98,2676.69,2790.59,2993.77,3177.66,3150.41,3384.44,3536.02,3773.01
Mauritania,281.97,293.64,333.31,368.50,486.29,571.10,619.30,618.68,591.52,717.26,974.89,915.25,805.81,796.14,673.39,614.02,702.16,774.47,793.19,787.43,801.57,835.83,823.31,683.54,703.74,720.01,707.35,667.44,564.96,534.93,477.70,464.12,460.28,527.06,600.37,694.32,939.16,1008.02,1030.45,819.39,874.31,1199.80,1018.27
Mauritius,238.16,263.67,325.66,402.01,657.95,651.06,795.56,915.17,1109.58,1303.00,1200.68,1197.01,1117.60,1118.89,1058.45,1085.73,1465.13,1821.20,2044.24,2073.77,2480.82,2626.21,3018.19,3009.57,3240.26,3625.45,3918.87,3670.81,3619.66,3692.92,3934.81,3868.17,4037.87,4830.40,5443.11,5350.42,5533.45,6387.06,7880.97,7201.15,7896.85,9103.40,9238.43
Mexico,936.00,998.96,1116.60,1324.29,1673.73,1986.75,1950.36,1748.64,2134.00,2727.53,3689.42,4632.00,3153.37,2649.58,3065.16,3157.94,2172.40,2307.80,2770.19,3305.08,3814.80,4471.94,5063.43,5498.52,5637.24,3603.96,4088.43,4855.65,4986.23,5663.39,6581.57,6879.64,6948.44,6601.03,7042.05,7823.83,8623.75,9191.17,9578.95,7687.07,8916.45,9799.59,9794.62
Micronesia (FS of),343.29,371.96,427.30,592.86,782.44,774.55,771.07,758.86,834.11,905.99,932.90,1074.71,1087.67,1105.63,1078.78,1261.54,1353.07,1379.63,1492.07,1535.75,1639.14,1780.36,1864.67,1987.74,2014.95,2069.87,2023.82,1911.14,2033.39,2050.83,2174.55,2242.86,2259.59,2294.80,2248.18,2352.21,2393.88,2434.89,2500.53,2668.71,2838.28,3000.27,3164.56
Monaco,12266.42,13575.31,16435.02,21045.53,22349.63,27759.21,28309.60,30899.58,37709.50,45099.51,50774.70,43827.53,40910.48,38531.61,35991.89,37076.53,51369.28,61901.65,67357.20,67576.44,83137.70,82691.91,90434.71,84662.83,88456.02,100727.34,99903.05,89505.42,91684.08,90107.56,81329.42,81340.01,87481.27,106935.84,121270.24,124318.98,133338.54,167597.56,181492.97,150146.03,145538.05,163204.33,151877.91
Mongolia,134.56,143.60,150.64,168.11,185.65,210.43,224.87,250.99,281.27,309.55,350.33,404.75,453.61,486.42,520.86,552.25,600.81,622.37,658.49,694.94,689.74,638.28,584.63,574.48,595.44,641.22,611.41,542.11,495.79,457.83,474.21,524.04,571.60,646.23,798.01,998.80,1333.88,1631.94,2135.80,1715.37,2285.71,3181.10,3672.97
Montenegro,,,,,,,,,,,,,,,,,,,,,3493.54,2846.73,2402.01,1330.39,1374.25,1976.51,1423.81,1381.05,1403.55,1368.39,1606.44,1895.14,2090.83,2778.34,3373.07,3665.22,4370.37,5938.29,7306.08,6685.64,6629.53,7243.73,6514.20
Montserrat,528.36,613.25,712.20,794.81,872.65,993.73,866.28,950.47,1092.98,1339.70,2032.24,2290.98,2554.71,2760.15,3047.87,3257.95,3550.36,3879.64,4458.66,5124.69,6252.89,5246.02,5306.16,5284.54,5928.62,5862.15,5223.51,4979.74,5412.98,6118.66,7453.74,8102.93,9287.61,9380.95,9636.01,10382.31,10797.76,11165.71,11828.27,12247.53,11651.00,12454.07,12774.49
Morocco,277.73,290.82,342.00,411.20,495.35,567.66,592.58,668.14,782.48,919.24,1062.18,842.08,829.89,732.35,654.26,645.55,831.53,898.45,1039.20,1054.40,1169.41,1237.82,1243.29,1151.83,1283.62,1373.57,1503.08,1351.19,1428.65,1400.36,1289.51,1299.91,1378.90,1683.94,1907.43,1975.86,2159.57,2452.90,2871.23,2906.56,2868.64,3094.61,2951.67
Mozambique,322.29,350.92,384.25,442.30,451.61,455.87,404.18,397.98,404.54,414.08,397.47,373.86,383.61,349.43,390.01,362.67,375.29,219.63,187.49,201.92,218.83,197.86,139.92,138.85,142.73,143.38,196.90,225.25,249.24,254.87,235.84,216.92,217.46,234.80,278.78,313.11,328.71,362.43,434.53,414.11,386.96,511.30,579.47
Myanmar,99.11,99.05,89.55,113.69,133.00,120.11,130.32,130.43,142.20,159.31,171.29,168.29,168.14,169.42,170.96,171.39,126.33,122.53,110.41,116.85,122.78,124.35,137.55,146.92,158.93,171.03,182.86,193.79,125.23,137.20,150.15,156.13,210.49,200.19,205.59,237.76,274.29,358.70,505.42,639.01,799.48,1057.33,1125.88
Namibia,810.64,878.78,853.25,1048.54,1243.77,1291.17,1209.36,1314.13,1481.68,1792.21,2500.08,2219.76,1993.85,2060.83,1673.73,1337.64,1460.01,1784.04,1873.45,1825.32,1892.79,1939.29,2135.07,2090.03,2319.12,2424.73,2344.27,2367.69,2150.34,2087.31,2059.37,1836.51,1716.39,2489.00,3297.96,3582.25,3886.46,4234.86,4183.25,4133.06,5063.38,5626.64,5668.36
Nauru,2363.81,2543.63,2941.93,3743.44,4792.97,4750.34,4767.49,4720.36,5062.51,5165.44,5596.54,5882.29,5500.78,5185.05,5006.74,4042.47,3989.79,4336.84,4922.56,5089.75,5377.38,4868.78,4468.97,3787.29,3719.76,3496.02,3363.65,2995.62,2386.95,2446.97,2162.56,1893.65,1892.68,2387.19,2731.67,2599.41,2513.07,2292.13,4130.62,5404.32,6233.87,8567.33,12021.80
Nepal,90.04,89.86,102.05,92.85,115.75,125.62,113.55,110.34,127.20,141.32,145.22,161.34,166.76,161.63,162.83,169.78,170.67,186.06,205.23,199.37,208.72,186.79,197.20,193.70,215.83,220.25,223.23,239.81,220.75,237.15,247.17,249.03,244.77,263.59,292.33,326.54,350.71,422.30,445.42,480.11,607.34,684.02,656.20
Netherlands,2728.28,3153.16,3830.23,5010.96,5872.04,6855.44,7419.52,8601.84,10447.03,11885.99,12832.87,10733.65,10310.99,9934.42,9271.62,9220.05,12805.15,15532.66,16502.61,16175.55,19802.67,20233.11,22265.47,21530.23,22927.07,27169.63,26939.83,24771.16,25666.46,26085.77,24279.80,25118.82,27291.93,33364.01,37597.94,39164.59,41383.72,47593.17,52763.05,48084.02,46773.78,49966.71,46073.11
Netherlands Antilles,1393.91,1493.85,1678.27,1863.70,2324.19,2738.99,3053.33,3444.53,4194.60,4961.45,5475.75,6260.27,6626.33,6515.34,6503.57,6558.43,8436.15,8756.45,9020.98,10058.19,10520.36,10923.22,11324.79,11954.94,12789.49,13231.55,14010.68,14724.75,15220.68,15438.13,16062.45,16445.69,16687.27,17106.84,17403.75,18086.48,18556.10,19112.30,20126.94,19920.40,18090.39,18154.19,18360.05
New Caledonia,3602.13,3997.73,4464.74,4569.42,5192.31,6369.35,6058.94,6217.95,6165.18,7504.57,8335.08,6757.60,6170.83,5529.69,5257.06,5553.35,7676.13,9348.61,12792.78,13232.50,15008.22,15404.06,16583.01,15630.21,16434.18,19175.78,18641.34,17919.28,17614.28,17701.54,16244.66,15402.34,17097.56,22148.27,26142.87,27266.14,30014.85,37340.72,37719.47,35876.16,36554.67,40310.58,38869.40
New Zealand,2294.08,2699.64,3196.36,4155.71,4617.69,4409.06,4440.21,4821.86,5827.57,6686.11,7388.61,7959.36,7716.35,7597.48,7225.15,7217.56,9115.14,11519.02,13662.86,13085.07,13232.96,12585.57,11883.89,12686.54,14678.51,17028.88,18508.73,18293.60,14946.33,15531.28,13939.68,13695.99,15631.50,20672.67,24892.40,27530.06,26321.83,31947.38,30485.31,27413.92,32844.75,36967.77,38399.39
Nicaragua,476.76,492.15,508.60,612.33,825.79,837.39,943.51,1109.28,1028.88,714.87,831.07,931.05,953.07,1009.19,1004.75,969.44,959.01,959.32,850.85,849.28,862.02,865.22,895.26,931.85,847.35,886.77,905.70,905.29,938.84,967.13,1001.70,1033.82,995.27,1000.82,1075.49,1158.77,1228.30,1330.82,1456.31,1420.14,1474.81,1631.83,1753.70
Niger,96.73,100.81,122.95,127.47,142.38,176.34,202.92,232.96,306.64,390.33,462.34,392.17,347.69,302.22,238.15,228.31,287.11,322.90,326.13,295.49,340.20,312.79,314.51,279.20,166.84,194.87,201.33,178.80,196.97,186.82,157.15,165.02,181.48,215.49,227.95,255.54,266.58,301.72,366.63,352.69,359.80,388.33,394.78
Nigeria,206.06,244.12,286.06,350.67,528.45,625.54,740.38,803.22,871.69,1044.38,1264.36,1105.88,1025.04,1003.58,1026.22,980.70,495.77,315.19,359.22,332.90,366.32,338.56,319.21,314.26,281.16,279.06,291.23,297.18,301.07,299.34,377.50,350.29,457.47,510.42,645.93,804.15,1014.76,1130.88,1376.02,1090.75,1437.05,1496.30,1555.05
Norway,3284.49,3707.34,4378.30,5642.28,6745.44,8128.78,8838.01,10161.29,11344.32,12912.26,15606.53,15351.53,15057.33,14751.11,14780.20,15489.74,18539.71,22109.85,23824.21,23881.92,27738.80,28072.81,29937.89,27419.64,28727.98,34157.82,36516.16,35854.19,34039.52,35608.87,37467.45,37859.18,42306.03,49315.71,56670.40,65751.42,72829.84,83345.21,94996.00,78345.38,86060.95,99248.70,100056.01
Oman,370.81,421.01,494.85,626.84,2047.10,2489.21,2890.75,2935.67,2779.67,3581.74,5419.40,6187.47,6157.45,6171.44,6468.32,6861.00,5209.60,5260.32,4933.43,5317.70,6384.18,5950.03,6265.19,6045.23,6057.06,6335.32,6943.35,7192.07,6415.83,7150.16,8871.00,8664.13,8684.66,9017.03,10013.66,12252.55,14405.32,16305.48,23421.40,18113.50,20983.93,23132.94,23569.94
Pakistan,221.93,229.71,131.96,137.61,176.23,215.91,245.54,273.35,311.72,333.47,387.50,445.05,418.81,410.94,427.32,409.78,413.25,425.69,470.01,455.20,465.08,490.01,536.77,516.34,542.07,609.89,591.92,579.31,567.94,553.27,534.41,498.91,536.78,596.97,672.58,745.12,847.20,927.99,904.67,949.70,1007.85,1202.10,1200.70
Palau,867.28,937.50,1011.45,1092.61,1185.21,1293.16,1416.13,1558.78,1726.45,1904.35,2084.41,2260.18,2432.37,2606.12,2888.61,3210.78,3581.90,4005.70,4483.26,5009.35,5580.60,5936.00,6183.45,5535.61,6002.80,6665.95,7385.23,7544.69,7649.14,7260.35,7550.01,7758.84,8004.97,8211.44,8537.10,9446.33,10116.62,10413.95,10479.55,10386.68,10028.32,10254.19,10271.19
Panama,751.69,824.26,880.40,979.23,1088.77,1187.06,1227.96,1268.83,1466.83,1637.85,2037.15,2240.05,2316.89,2378.84,2458.55,2563.82,2649.79,2673.80,2338.69,2295.58,2443.53,2631.45,2930.24,3134.87,3274.91,3279.61,3312.14,3509.57,3727.25,3826.84,3804.01,3788.82,3861.13,3990.74,4292.42,4594.48,4998.38,5669.87,6472.98,6682.50,7355.10,8372.58,9534.41
Papua New Guinea,298.19,323.82,376.48,553.10,608.37,546.61,572.02,613.06,725.30,812.51,877.91,838.36,773.42,750.09,722.93,666.15,716.19,829.66,941.65,891.58,790.21,906.75,1001.97,1110.58,1157.82,1026.40,1064.06,990.45,737.25,655.24,650.54,555.88,538.47,640.31,702.14,798.27,885.02,991.09,1221.24,1208.86,1415.18,1841.42,2187.43
Paraguay,211.49,230.62,260.51,329.27,430.54,476.15,522.00,626.64,746.98,970.57,1228.88,1509.94,1524.88,1643.09,1308.40,1084.62,1253.79,1022.21,1323.64,931.54,1094.79,1266.49,1274.17,1326.11,1479.43,1679.70,1782.14,1766.88,1542.80,1393.21,1326.18,1180.40,1135.30,1159.40,1386.75,1479.40,1770.01,2252.14,2967.19,2510.28,3103.47,3948.90,3878.15
Peru,444.55,481.79,518.51,603.32,740.95,880.44,817.03,716.78,598.72,745.11,966.01,1150.88,1142.68,865.94,886.86,748.25,1087.66,1742.28,1488.88,1638.69,1344.84,1555.12,1593.08,1509.18,1910.14,2241.77,2293.18,2385.27,2251.44,2012.90,2051.36,2045.91,2124.03,2266.29,2543.48,2863.62,3293.49,3795.61,4510.19,4497.91,5380.12,6103.68,6825.46
Philippines,207.04,222.75,234.21,286.26,380.29,399.61,446.13,498.71,560.71,660.75,758.54,810.71,821.88,715.16,658.17,626.82,592.94,641.55,713.05,780.85,792.51,792.74,903.05,905.59,1043.38,1179.79,1289.47,1253.54,970.61,1091.78,1043.45,961.72,1004.99,1015.78,1084.77,1201.00,1398.83,1680.55,1927.55,1831.99,2135.93,2357.57,2587.02
Poland,847.78,931.41,1021.58,1199.31,1334.23,1408.18,1555.85,1709.75,1918.20,2126.88,1622.53,1522.78,1832.01,2099.35,2084.13,1924.28,1990.40,1712.17,1835.76,2185.02,1692.00,2188.06,2407.91,2450.42,2819.40,3613.88,4071.81,4086.03,4499.27,4370.95,4465.96,4969.91,5177.02,5667.94,6612.58,7954.49,8943.71,11132.21,13862.97,11282.30,12298.80,13500.02,12819.70
Portugal,922.66,1041.73,1258.97,1668.89,1907.84,2078.84,2153.77,2239.45,2422.91,2714.74,3323.82,3208.35,3047.53,2711.00,2505.36,2691.98,3848.04,4791.91,5612.75,6041.76,7845.70,8875.70,10663.86,9373.62,9787.27,11542.43,11948.02,11359.81,12019.01,12317.41,11381.45,11625.44,12725.71,15511.56,17693.75,18252.16,19151.20,21953.76,23834.27,22127.07,21618.87,22447.31,20005.97
Puerto Rico,2083.91,2304.85,2512.06,2712.53,2844.77,3059.08,3321.79,3676.57,4126.47,4596.57,5005.48,5189.29,5284.64,5798.68,6078.39,6519.54,7022.84,7634.64,8176.19,8777.51,9177.70,9750.58,10294.00,10956.34,11660.57,12288.70,12955.42,14435.89,15343.59,16293.61,18227.11,18851.61,19984.04,21220.89,22239.92,23204.70,23874.60,25045.09,25850.82,26455.03,27009.35,27296.41,28020.90
Qatar,4928.90,5983.08,7899.87,10575.51,12597.45,15025.64,18449.77,19240.02,20471.57,27439.59,35029.48,34959.01,27453.20,20969.33,20132.89,16584.54,12686.98,12866.59,13562.95,14010.38,15446.33,14189.04,15616.95,14546.04,14894.69,16238.35,17677.59,21337.10,18633.92,21660.44,29914.27,28666.61,30748.54,35644.41,44051.80,54228.84,62920.45,69166.86,84812.61,62527.72,71510.22,89735.64,93831.35
Republic of Korea,284.25,308.32,329.51,412.90,568.95,623.64,843.69,1066.84,1417.60,1795.02,1719.18,1902.92,2004.98,2187.59,2378.81,2432.04,2770.10,3447.72,4565.22,5552.67,6292.54,7277.31,7734.77,8449.97,9820.10,11894.82,12750.08,11769.86,7859.23,10095.91,11601.08,10923.40,12413.89,13817.04,15426.40,17963.22,20125.67,22055.54,19457.79,17316.74,20945.47,22869.11,23051.76
Republic of Moldova,,,,,,,,,,,,,,,,,,,,,908.99,774.65,562.20,568.42,402.10,406.88,393.09,451.79,402.32,281.15,313.68,366.50,418.77,508.30,678.67,793.28,917.30,1198.36,1665.00,1509.24,1626.53,1980.06,2063.88
Romania,625.22,732.69,835.73,963.45,998.87,1065.41,1185.86,1269.96,1484.14,1589.06,1626.43,1962.28,2278.35,2094.34,1788.02,2213.78,2398.20,2667.53,2744.40,2436.19,1734.98,1309.87,891.21,1204.96,1381.45,1638.19,1615.94,1567.81,1847.64,1600.87,1666.27,1819.17,2066.94,2678.46,3420.62,4484.76,5560.55,7749.70,9302.93,7499.75,7538.02,8373.21,7786.63
Russian Federation,,,,,,,,,,,,,,,,,,,,,3839.87,3766.26,3291.74,3070.41,2738.00,2683.13,2639.79,2731.75,1832.37,1328.82,1767.79,2095.48,2371.67,2970.38,4094.33,5308.14,6888.16,9047.56,11559.59,8508.93,10617.87,13239.75,14177.67
Rwanda,64.13,74.82,81.76,98.52,125.44,146.52,158.29,179.41,210.55,249.36,272.60,295.74,286.53,291.62,301.83,313.47,336.36,357.45,368.91,366.93,356.75,274.73,309.22,323.10,210.64,229.57,237.32,292.55,283.84,244.66,211.02,191.17,186.65,202.30,225.73,273.75,322.04,376.52,460.90,498.85,519.02,570.17,619.93
Saint Kitts and Nevis,471.52,571.86,672.28,708.82,922.96,978.40,829.30,862.45,991.85,1160.50,1404.54,1663.01,1770.15,1772.90,2091.72,2345.50,2852.31,3303.54,3898.69,4426.60,4925.76,5068.93,5553.80,5989.68,6612.81,6774.18,7154.83,7934.87,8173.72,8571.75,9132.40,9997.24,10317.12,9816.43,10425.85,11108.65,12830.62,13578.21,14469.44,13792.67,13695.46,14184.79,14267.49
Saint Lucia,326.97,369.70,419.37,467.32,628.31,720.26,730.28,804.95,928.31,1109.40,1283.08,1449.50,1547.42,1655.83,1800.80,1970.26,2348.00,2523.49,2821.82,3137.50,3364.84,3569.61,3916.00,3872.77,3988.59,4199.30,4411.16,4434.46,4801.82,4990.56,4983.64,4652.50,4630.25,4980.51,5370.73,5661.86,6290.19,6733.42,6854.17,6735.01,7059.64,7230.37,7288.89
Samoa,280.60,328.35,377.38,494.17,553.42,548.82,495.71,570.03,624.43,704.88,720.27,673.19,686.19,629.29,610.86,532.13,560.10,618.21,733.70,675.42,687.94,681.46,711.90,709.22,1167.14,1177.48,1317.30,1418.81,1300.59,1320.88,1322.91,1363.36,1495.36,1809.71,2152.00,2413.52,2488.22,3008.43,2954.42,2825.84,3209.24,3562.45,3607.50
San Marino,4204.81,4583.88,5314.37,6397.63,7238.75,8188.55,7978.63,8998.62,10809.46,13267.97,15825.74,14079.52,13787.13,14125.03,13800.51,14087.49,19719.74,24533.29,26838.40,27630.55,34728.78,36177.83,37823.73,33148.49,35512.63,40029.36,45668.78,42761.23,45519.32,47681.65,42640.26,44101.29,46591.59,58141.51,66834.21,68640.13,72446.65,82549.00,84783.67,72871.26,63712.02,65402.24,59302.60
Sao Tome and Principe,476.61,466.66,508.11,673.94,681.53,691.92,583.10,535.39,581.27,675.16,817.90,818.72,773.00,710.65,726.92,753.85,1033.42,1009.72,841.43,817.44,966.43,850.66,733.87,951.87,974.79,756.38,971.60,652.23,506.78,535.06,519.73,509.44,561.13,663.62,717.22,807.04,869.49,923.71,1191.78,1252.65,1216.29,1422.73,1386.33
Saudi Arabia,926.64,1185.71,1523.80,2246.40,6489.09,6339.64,8215.76,9007.27,9202.27,12083.96,16715.96,17577.10,13715.68,10869.14,9499.96,7827.01,6242.54,5890.65,5833.98,6078.31,7196.21,7835.21,7884.93,7431.84,7371.97,7662.25,8357.91,8644.63,7559.66,8203.44,9354.47,8760.09,8639.14,9389.53,10853.63,13303.37,14855.00,16050.72,19714.40,16013.28,19326.58,24116.18,25136.21
Senegal,225.70,226.24,265.23,295.71,323.72,424.04,418.61,418.01,454.19,552.66,584.31,471.57,477.70,445.33,407.41,436.13,617.32,731.49,767.80,691.48,825.75,772.72,821.28,718.10,467.86,559.40,566.63,509.87,535.84,534.80,474.52,482.02,513.36,642.67,732.28,772.60,807.97,947.89,1093.77,1015.16,995.03,1075.75,1017.22
Serbia,,,,,,,,,,,,,,,,,,,,,4098.52,3897.98,2864.44,2033.80,2127.88,2293.89,2448.43,2388.66,2241.97,1439.79,1161.26,1523.34,2010.88,2613.73,3168.33,3390.97,3942.63,5276.93,6497.84,5497.96,5084.89,6013.29,5314.81
Seychelles,426.95,496.15,674.51,791.20,901.57,974.76,981.35,1255.75,1631.50,2381.59,2710.94,2770.48,2637.91,2592.13,2662.98,2958.51,3652.37,4363.31,4974.05,5334.33,6410.48,6433.76,7329.36,7780.81,7856.14,8139.66,7899.46,8813.89,9437.30,9547.62,9362.06,9202.82,10142.97,10049.93,9787.96,10553.07,11522.68,11596.50,10758.56,9355.85,10671.81,11542.58,11164.29
Sierra Leone,179.92,187.76,202.69,226.24,254.75,266.08,241.56,268.71,338.56,380.66,419.14,438.81,482.28,409.74,490.10,384.00,261.78,215.50,328.49,303.45,217.55,260.52,228.33,260.79,312.40,300.18,325.26,293.02,229.76,224.85,207.95,253.91,279.01,294.10,293.97,322.41,356.88,398.57,452.92,435.01,448.22,500.00,725.34
Singapore,925.47,1074.52,1370.55,1928.70,2360.24,2557.83,2647.19,2888.08,3433.03,4084.47,4988.89,5814.65,6273.50,6942.70,7346.75,6816.46,6770.40,7634.84,9193.28,10668.80,12874.76,14575.30,16288.93,18373.71,21608.80,24998.91,26660.41,27180.92,22757.94,22204.63,24069.37,21798.40,21913.70,22552.73,25756.96,27900.78,31561.99,37587.40,39307.60,38037.40,45618.96,51158.02,52141.48
Slovakia,,,,,,,,,,,,,,,,,,,,,3119.65,2176.46,2353.14,2529.79,2918.40,3652.33,3938.09,3976.38,4156.71,3800.85,3786.68,3917.39,4540.39,6175.68,7827.64,8883.57,10337.51,13867.90,17407.25,16079.76,16062.69,17624.80,16774.26
Slovenia,,,,,,,,,,,,,,,,,,,,,9073.95,6611.18,6538.88,6629.66,7541.69,10513.39,10629.34,10267.76,10934.60,11215.59,10043.41,10302.36,11625.61,14639.22,16964.87,17855.75,19384.99,23437.40,26842.53,24070.18,22877.95,24371.70,21946.69
Solomon Islands,199.84,208.14,218.66,281.90,391.30,334.99,359.36,391.95,456.03,583.85,622.36,677.51,662.13,483.54,662.52,590.77,519.96,509.50,597.46,552.74,667.39,687.07,789.77,832.75,915.61,1015.10,1091.42,1075.13,917.85,947.13,820.17,790.02,629.66,704.08,794.00,915.13,980.10,1048.64,1207.85,1160.78,1295.11,1615.18,1837.00
Somalia,98.98,99.79,128.32,137.16,157.08,195.06,204.56,92.84,94.48,89.32,93.83,106.23,115.45,107.35,116.65,132.64,132.38,148.64,151.00,154.74,157.25,97.15,92.67,158.94,179.38,176.83,194.45,222.08,278.93,266.39,277.85,171.19,155.79,188.70,240.54,273.48,275.10,278.65,284.46,214.45,111.16,107.72,128.09
South Africa,795.80,855.36,874.31,1166.54,1426.82,1437.71,1346.10,1458.74,1637.92,1972.32,2769.99,2775.47,2480.95,2696.19,2327.53,1735.83,1938.13,2489.02,2619.69,2668.22,3044.40,3189.54,3376.82,3291.13,3347.44,3647.71,3405.64,3468.33,3083.12,3013.48,2962.96,2603.18,2405.42,3589.14,4607.34,5121.80,5335.46,5769.27,5433.77,5580.43,7059.75,7734.55,7336.18
South Sudan,,,,,,,,,,,,,,,,,,,,,,,,,,,,,,,,,,,,,,,1674.96,1249.51,1526.12,1956.95,928.28
Spain,1177.70,1324.69,1661.59,2184.93,2671.94,3118.00,3185.24,3522.86,4230.38,5601.63,6027.30,5215.92,5010.66,4347.96,4358.91,4562.89,6324.68,8003.49,9427.82,10377.29,13397.57,14378.61,15674.87,13007.44,13103.92,15138.14,15753.22,14459.76,15123.34,15467.93,14406.76,14938.68,16599.30,21035.05,24458.08,26062.79,28074.38,32272.64,35218.87,31785.80,29986.65,31270.82,28278.02
Sri Lanka,197.02,197.51,216.31,230.94,282.10,286.49,267.56,297.19,200.02,240.05,284.26,297.37,312.60,333.15,375.54,371.26,387.83,398.38,421.36,416.23,473.58,527.00,561.04,596.61,669.81,732.53,785.63,845.34,873.42,861.96,887.01,842.89,887.93,968.19,1046.82,1223.29,1404.33,1593.46,1990.66,2041.88,2387.69,2828.45,2816.44
St. Vincent and the Grenadines,234.23,251.83,342.61,370.44,399.80,399.21,383.55,435.85,544.69,625.65,696.18,846.97,974.24,1083.75,1169.97,1276.57,1429.74,1587.00,1820.77,1962.74,2178.93,2327.16,2554.16,2608.60,2656.42,2887.42,3046.60,3219.05,3476.98,3616.39,3672.60,3982.26,4270.78,4446.65,4808.07,5064.23,5608.20,6273.08,6370.58,6177.36,6233.03,6190.83,6348.81
State of Palestine,157.75,177.92,250.31,300.12,451.90,438.04,499.60,500.94,508.14,575.67,711.33,638.12,658.08,661.90,631.10,571.11,888.79,950.05,970.57,890.23,930.09,961.98,1135.85,1169.73,1139.97,1239.27,1236.36,1297.90,1323.34,1347.92,1308.97,1183.98,1020.53,1120.92,1203.07,1301.85,1269.39,1391.22,1636.47,1716.80,2075.97,2375.99,2430.71
Sudan,,,,,,,,,,,,,,,,,,,,,,,,,,,,,,,,,,,,,,,1430.36,1396.32,1528.48,1523.27,1383.31
Sudan (Former),88.88,93.60,112.54,140.41,165.80,200.21,241.69,274.80,286.00,305.49,332.92,387.80,283.61,247.15,322.85,293.81,387.24,488.32,472.64,451.70,490.65,427.21,443.61,443.95,408.47,428.75,271.77,323.24,335.59,320.33,380.77,444.48,498.64,570.63,691.95,887.89,1110.10,1416.77,1482.04,1364.83,1527.97,,
Suriname,957.16,1040.91,1138.05,1257.94,1531.95,1749.86,1907.46,2420.01,2770.82,2940.94,2978.83,3322.37,3408.40,3275.06,3180.44,3182.19,3205.12,3470.39,4042.24,1881.88,1847.92,1936.77,1962.58,1846.43,1923.38,1937.29,2384.49,2520.13,2980.59,2428.12,2478.55,2157.21,2789.24,3199.89,3659.71,4390.29,5198.98,5752.84,6855.22,7482.04,8320.65,8236.20,9376.50
Swaziland,274.98,341.64,340.74,451.75,534.62,636.02,578.60,628.07,682.03,801.15,1100.45,1131.91,982.92,981.85,812.90,621.26,760.88,952.51,1082.37,1061.17,1257.48,1269.65,1376.70,1417.21,1505.64,1759.07,1629.01,1704.90,1532.92,1476.78,1433.18,1260.33,1131.25,1704.18,2211.10,2339.30,2636.19,2679.47,2607.16,2698.36,3261.62,3374.29,3136.69
Sweden,4489.95,4874.60,5718.69,6918.41,7666.57,9598.43,10315.80,10869.02,11978.17,14112.68,16220.78,14788.61,13037.54,11966.02,12431.62,12965.62,17043.03,20636.42,23220.54,24308.93,29024.63,30194.74,31084.64,23122.99,24753.07,28740.13,31240.24,28578.29,28746.01,29199.51,27868.69,25579.14,28162.47,35195.92,40316.05,41037.99,43904.28,50497.33,52645.56,43584.34,49354.87,56725.85,55071.72
Switzerland,3720.54,4433.40,5395.54,7208.47,8268.74,9457.09,9893.19,10589.78,14855.77,16738.59,17851.89,16317.86,16657.82,16505.87,15663.59,15784.61,22495.62,28010.13,30116.29,28871.39,36564.68,36632.86,37718.19,36277.66,39759.74,46170.46,44199.03,38400.74,39207.34,38330.33,35731.43,36474.48,39585.23,45902.53,50952.48,51933.51,54153.14,59556.75,68507.12,65799.00,70123.55,83240.77,78923.59
Syrian Arab Republic,275.27,312.54,348.68,360.86,559.38,702.08,816.67,864.35,1002.42,1164.77,1467.83,1817.98,1834.69,1886.63,1873.11,935.35,879.83,894.19,1016.07,849.09,895.47,971.84,1097.30,1146.87,887.49,943.01,1026.25,1066.39,1120.40,1113.19,1201.24,1257.91,1281.70,1205.74,1388.65,1563.08,1760.65,2058.73,2583.20,2572.88,2808.07,2947.69,2126.10
Tajikistan,,,,,,,,,,,,,,,,,,,,,535.42,503.60,359.05,301.64,238.71,210.43,176.13,153.57,217.13,176.34,139.13,171.86,190.66,238.15,311.54,339.76,406.95,523.05,709.42,668.61,739.73,834.66,953.06
TFYR of Macedonia,,,,,,,,,,,,,,,,,,,,,1373.98,1381.51,1306.61,1423.64,1718.85,2275.03,2234.29,1867.82,1778.39,1805.45,1747.89,1664.31,1827.63,2285.70,2643.83,2864.44,3132.27,3891.91,4685.62,4433.86,4442.30,4940.95,4548.16
Thailand,199.95,202.21,217.86,280.86,345.65,365.89,407.46,463.54,550.16,613.88,706.52,745.98,768.55,825.69,846.27,773.36,841.09,968.18,1160.73,1338.59,1560.54,1767.31,2000.78,2215.53,2503.42,2865.15,3068.03,2490.06,1863.17,2051.96,2023.44,1903.50,2101.40,2356.98,2652.40,2877.08,3351.75,3962.45,4381.08,4220.58,5090.21,5478.01,5775.16
Timor-Leste,,,,,,,,,,,,,,,,,,,,,278.19,310.07,380.67,425.08,468.47,520.60,606.21,568.38,655.32,455.97,530.45,544.05,520.58,524.15,1116.23,1809.29,2773.74,2862.48,4226.17,3099.54,3905.31,5288.27,4834.89
Togo,125.13,136.50,154.57,176.06,230.29,248.36,231.47,272.80,330.38,384.62,415.53,337.64,281.55,243.93,222.13,227.51,312.15,359.26,422.44,402.68,471.76,454.11,464.54,345.65,261.56,337.13,359.45,357.35,329.68,321.91,266.02,266.86,287.37,318.22,358.82,380.89,390.21,433.70,529.06,514.78,503.11,569.86,589.65
Tonga,202.65,226.46,269.35,395.41,525.29,481.30,441.12,495.37,595.63,632.84,848.20,876.12,910.41,914.74,912.49,778.83,929.89,1115.18,1532.98,1596.77,1703.12,2048.17,2018.96,1990.43,2031.58,2118.72,2289.96,2204.42,1952.10,2004.38,1932.17,1694.02,1831.35,2078.68,2392.78,2612.93,2886.92,2990.17,3296.90,3153.23,3589.49,4287.51,4429.41
Trinidad and Tobago,868.93,937.68,1118.62,1331.87,2048.19,2414.88,2438.08,3018.73,3379.63,4304.62,5745.68,6341.67,7264.27,6818.24,6712.02,6299.17,4049.18,4014.06,3732.22,3562.10,4147.63,4315.78,4395.63,3677.90,3956.79,4246.37,4577.08,4551.38,4786.91,5383.51,6431.01,6935.86,7050.27,8805.78,10291.78,12323.22,14092.38,16520.31,21170.65,14499.00,15494.70,17659.68,17365.17
Tunisia,317.14,363.33,472.21,564.04,716.38,854.70,868.99,960.85,1094.10,1284.20,1521.69,1429.12,1343.49,1303.22,1259.17,1284.47,1342.14,1406.87,1428.76,1395.38,1661.83,1716.87,2001.82,1849.42,1942.91,2203.72,2358.81,2245.98,2332.51,2427.48,2247.88,2286.12,2373.60,2787.97,3134.89,3210.73,3383.45,3787.25,4316.53,4134.23,4168.69,4276.03,4150.07
Turkey,702.98,647.53,794.37,973.72,1311.39,1600.96,1789.57,1995.10,2153.51,2873.74,2106.25,2125.11,1886.26,1761.36,1675.20,1837.79,2028.34,2290.01,2342.97,2714.12,3751.22,3697.54,3831.62,4276.46,3048.39,3889.23,4103.68,4227.81,4391.94,4012.64,4219.42,3057.82,3576.17,4595.33,5866.59,7129.67,7736.35,9311.83,10379.32,8626.62,10135.42,10604.84,10653.10
Turkmenistan,,,,,,,,,,,,,,,,,,,,,836.34,803.25,679.51,685.43,564.07,522.52,557.57,618.33,651.11,866.84,1095.72,1483.74,1891.23,2406.19,2570.53,2969.96,3363.91,3797.39,4398.24,4059.96,4392.72,5495.12,6469.39
Turks and Caicos Islands,1735.63,1915.10,2094.02,2278.92,2480.68,2709.18,2971.59,3268.20,3592.45,3932.90,4275.79,4614.28,4951.09,5304.16,5697.24,6144.37,6659.43,7235.64,7885.74,8546.82,9169.75,9757.07,10285.29,11086.38,11779.73,12423.58,13403.66,14238.33,15493.86,16488.82,16923.24,17772.02,16867.89,17501.88,19404.56,21876.98,26115.73,27009.22,29262.37,23247.79,22159.46,22912.06,22447.82
Tuvalu,354.33,372.39,405.98,501.95,527.19,500.68,489.89,453.72,488.81,502.40,533.67,578.65,456.97,474.91,508.53,406.52,499.99,602.00,846.61,917.13,1059.42,1120.28,1176.43,1047.08,1243.82,1274.79,1348.57,1440.91,1390.76,1470.26,1301.93,1355.59,1536.12,1911.78,2241.40,2258.83,2366.45,2781.52,3195.77,2843.43,3427.98,3931.22,4041.91
U.R. of Tanzania: Mainland,140.07,145.17,160.01,184.85,214.95,239.66,251.47,291.16,338.02,346.86,391.21,437.36,448.49,438.45,390.39,417.38,285.98,194.43,219.82,227.62,216.52,236.78,203.77,179.84,179.78,203.31,244.51,280.03,300.00,300.30,307.69,305.84,310.29,326.13,349.25,374.61,369.38,420.87,503.09,503.69,524.17,529.87,607.76
Uganda,135.63,145.82,154.19,175.74,207.22,233.08,239.48,250.73,250.00,229.98,237.34,256.80,285.00,305.59,292.96,291.10,320.25,345.62,381.04,324.56,221.57,173.47,180.03,179.92,273.77,310.12,304.48,317.85,295.98,272.31,251.26,252.74,257.10,262.66,303.81,349.52,370.60,440.91,515.36,503.46,505.51,517.99,598.03
Ukraine,,,,,,,,,,,,,,,,,,,,,1745.51,1649.52,1521.64,1336.27,1054.73,950.30,876.78,994.64,838.08,637.86,637.25,781.75,879.51,1048.65,1367.34,1827.51,2298.91,3059.15,3874.01,2533.69,2962.39,3567.96,3872.37
United Arab Emirates,4550.18,5302.63,6739.91,11010.56,25653.52,27632.01,30817.57,34371.77,28742.72,33716.83,42962.22,45232.68,40339.27,35218.10,32731.49,30138.87,23788.08,24019.58,22543.06,24289.93,28066.11,27018.87,26944.77,26224.20,26568.50,28020.06,29776.16,30217.10,27483.00,29183.03,34476.32,32984.74,34062.42,36906.20,40403.95,43534.00,45556.39,44488.66,46402.64,33012.82,34048.54,39057.85,41691.68
United Kingdom,2242.87,2528.98,2898.33,3264.11,3520.50,4203.92,4036.59,4557.82,5775.30,7504.83,9625.02,9144.37,8713.29,8259.41,7775.56,8214.21,10074.23,12342.98,14958.47,15062.50,17816.27,18589.45,19232.82,17284.50,18674.36,20358.64,21350.25,23720.95,25245.05,25849.65,25335.40,25095.46,27272.27,31411.89,37023.48,38502.30,40959.64,46860.19,43822.81,35785.63,36984.98,39445.87,39367.27
United States,5125.99,5514.17,6002.08,6627.33,7121.99,7696.44,8477.70,9330.09,10439.51,11547.24,12436.12,13813.80,14249.65,15345.45,16874.53,17971.22,18786.57,19730.78,21063.37,22457.30,23494.87,24016.15,25184.83,26225.51,27572.71,28592.78,29864.52,31348.50,32688.30,34346.28,36155.67,36953.37,37827.52,39306.48,41548.32,43919.86,46048.27,47666.00,48002.47,46585.71,47905.33,49327.47,51163.25
Uruguay,903.08,1081.64,868.31,1108.55,1534.60,1351.24,1410.20,1570.74,1869.65,2658.24,3649.92,4047.78,3292.87,1895.32,1789.44,1735.00,2142.47,2667.66,2735.64,2785.30,2970.93,3542.77,4508.42,5213.65,6028.51,6609.69,6976.60,7328.96,7712.14,7248.34,6872.73,6282.01,4089.11,3622.30,4117.66,5221.66,5879.34,7012.54,9067.52,8995.68,11520.28,13723.92,14702.51
USSR (Former),1789.86,1863.89,2090.47,2480.29,2452.68,2704.13,2690.52,2860.76,3227.22,3433.74,3548.88,3393.45,3560.29,3650.18,3417.62,3299.25,3036.04,2827.82,2729.80,2686.93,2691.15,,,,,,,,,,,,,,,,,,,,,,
Uzbekistan,,,,,,,,,,,,,,,,,,,,,715.30,719.94,639.54,624.41,591.57,586.60,596.78,652.62,620.05,696.65,554.18,371.62,389.86,397.55,468.76,552.75,659.75,838.36,1097.34,1235.65,1423.37,1618.32,1801.37
Vanuatu,449.36,470.96,606.50,716.69,692.28,811.62,759.99,772.17,914.73,1170.08,1083.44,919.87,892.69,930.69,1107.57,1029.18,976.98,1014.75,1167.25,1116.65,1180.54,1367.37,1385.32,1385.44,1478.31,1635.87,1664.88,1645.60,1472.95,1477.88,1469.89,1362.64,1349.35,1575.09,1781.93,1878.34,2039.04,2398.89,2632.72,2557.85,2875.77,3112.18,3039.82
Venezuela,1289.60,1369.34,1457.47,1677.07,2481.65,2521.59,2784.96,3098.60,3249.94,3862.87,4580.38,4989.34,4954.87,4810.56,3434.55,3461.53,3291.17,2543.07,3105.63,2151.92,2382.70,2558.32,2825.51,2745.60,2643.18,3389.84,3025.94,3728.80,3889.53,4091.58,4799.60,4942.05,3666.65,3237.91,4282.02,5444.66,6747.76,8329.64,11223.21,11524.98,13559.33,10727.98,12766.72
Viet Nam,63.38,67.39,70.44,71.25,74.95,79.24,90.33,105.37,124.40,133.02,43.64,33.55,38.10,55.88,84.13,80.97,83.51,85.47,89.54,93.33,93.92,108.55,137.23,179.67,217.82,272.77,319.53,343.27,343.81,358.42,385.38,399.92,424.77,474.52,539.84,678.45,774.04,894.41,1134.61,1201.98,1301.91,1507.43,1716.16
Yemen,,,,,,,,,,,,,,,,,,,,288.03,341.21,337.40,344.09,347.67,345.75,394.66,467.32,484.64,437.75,510.32,620.03,623.43,660.18,710.41,796.25,945.46,1104.09,1210.15,1400.56,1280.25,1369.18,1347.71,1376.41
Yemen Arab Republic (Former),85.56,99.79,143.28,128.09,152.69,181.93,194.41,216.68,231.13,245.83,265.50,279.85,304.23,304.92,301.93,307.06,310.22,314.92,318.31,324.06,389.24,,,,,,,,,,,,,,,,,,,,,,
Yemen Democratic (Former),106.56,96.40,105.99,85.35,89.11,89.16,113.47,136.59,160.54,168.14,198.90,221.07,254.69,259.18,267.44,251.37,211.83,211.97,215.53,234.89,271.23,,,,,,,,,,,,,,,,,,,,,,
Yugoslavia (Former),726.97,783.30,810.55,1046.80,1435.56,1593.88,1782.73,2147.69,2531.48,3147.85,3199.61,3124.68,2823.80,2870.18,3032.34,3165.46,3376.96,3549.65,3617.35,3831.83,3549.18,,,,,,,,,,,,,,,,,,,,,,
Zambia,368.44,363.28,413.08,506.62,603.17,535.55,548.28,521.78,565.36,676.08,737.93,665.03,685.67,620.39,481.28,405.40,299.03,291.07,466.10,517.30,483.75,420.09,401.89,388.64,388.11,392.55,360.50,419.64,338.04,318.33,320.62,352.61,349.28,398.53,486.74,625.85,908.38,953.08,1175.35,998.44,1224.95,1408.56,1526.83
Zanzibar,,,,,,,,,,,,,,,,,,,,,160.48,176.02,173.60,164.10,158.97,188.18,236.15,350.33,259.67,250.63,259.85,268.79,269.65,273.02,303.64,325.96,356.08,414.66,530.69,547.24,534.53,586.94,656.26
Zimbabwe,388.47,434.26,518.20,615.82,716.25,760.45,727.54,711.70,689.39,790.57,980.60,1135.67,1163.74,1016.60,799.55,851.87,905.35,947.27,1061.64,1088.12,1121.97,1020.41,822.44,782.55,807.10,819.83,984.00,995.55,686.98,644.77,603.71,595.50,562.57,529.11,505.76,489.59,479.53,472.77,429.84,475.85,568.43,663.64,714.23
